epoch,time,train/box_loss,train/seg_loss,train/cls_loss,train/dfl_loss,metrics/precision(B),metrics/recall(B),metrics/mAP50(B),metrics/mAP50-95(B),metrics/precision(M),metrics/recall(M),metrics/mAP50(M),metrics/mAP50-95(M),val/box_loss,val/seg_loss,val/cls_loss,val/dfl_loss,lr/pg0,lr/pg1,lr/pg2
1,28.8601,1.74171,3.55773,3.87004,1.16216,0.00889,0.25397,0.00558,0.00345,0.00556,0.15873,0.00326,0.00098,1.56818,7.9262,3.82794,1.22191,0.099005,5e-06,5e-06
2,53.7645,1.60806,2.80725,3.46554,1.05447,0,0,0,0,0,0,0,0,1.51381,3.15528,3.77077,1.20143,0.0970149,1.49257e-05,1.49257e-05
3,75.5221,1.51285,2.35641,3.1674,0.99896,0.03,0.71429,0.53942,0.24504,0.02733,0.65079,0.52868,0.17709,1.49635,3.83738,3.78183,1.17228,0.0950248,2.47525e-05,2.47525e-05
4,95.9414,1.36086,2.28115,2.91395,1.02733,0.02417,0.46032,0.32429,0.14362,0.02333,0.44444,0.34456,0.10864,1.50787,4.31023,3.85958,1.17365,0.0930345,3.44802e-05,3.44802e-05
5,115.799,1.33846,2.14549,2.77431,1.05301,0.02333,0.44444,0.33451,0.15179,0.02333,0.44444,0.3507,0.1293,1.49283,4.63867,3.81347,1.16616,0.0910441,4.4109e-05,4.4109e-05
6,140.673,1.45091,2.26336,2.41508,1.02329,0.02083,0.39683,0.25862,0.12071,0.01917,0.36508,0.24831,0.0871,1.4758,5.18021,3.75378,1.14617,0.0890536,5.36388e-05,5.36388e-05
7,162.815,1.45755,2.1197,2.17254,0.98367,0.02083,0.39683,0.29667,0.1279,0.01,0.19048,0.14739,0.03785,1.45838,6.79912,3.68355,1.12127,0.0870631,6.30695e-05,6.30695e-05
8,182.853,1.45988,2.10208,2.24234,0.9968,0.02,0.38095,0.30685,0.15951,0,0,0,0,1.41025,9.69271,3.61527,1.09381,0.0850724,7.24012e-05,7.24012e-05
9,202.816,1.43161,2.05913,2.06734,0.97771,0.02167,0.4127,0.31405,0.16992,0,0,0,0,1.39507,12.9664,3.53458,1.08614,0.0830816,8.1634e-05,8.1634e-05
10,223.063,1.38885,1.99007,1.81114,0.95478,0.02167,0.4127,0.33527,0.17103,0,0,0,0,1.39005,12.5891,3.4818,1.08723,0.0810908,9.07677e-05,9.07677e-05
11,249.489,1.4504,2.06539,1.61233,0.992,0.02,0.38095,0.34155,0.16764,0.00167,0.03175,0.0163,0.00242,1.40174,10.6773,3.44506,1.0956,0.0790998,9.98025e-05,9.98025e-05
12,273.875,1.32847,1.88856,1.54079,0.94121,0.02,0.38095,0.34155,0.16764,0.00167,0.03175,0.0163,0.00242,1.40174,10.6773,3.44506,1.0956,0.0771087,0.000108738,0.000108738
13,295.63,1.39716,2.07899,1.38021,0.96798,0.02,0.38095,0.34825,0.17806,0.01,0.19048,0.15135,0.06053,1.40653,7.31649,3.40169,1.09726,0.0751176,0.000117575,0.000117575
14,318.624,1.39572,2.10841,1.26594,0.96909,0.01917,0.36508,0.34172,0.19013,0.01917,0.36508,0.3191,0.1157,1.42831,5.79502,3.38698,1.10443,0.0731263,0.000126313,0.000126313
15,340.378,1.22209,1.8426,1.1568,0.95955,0.01917,0.36508,0.34172,0.19013,0.01917,0.36508,0.3191,0.1157,1.42831,5.79502,3.38698,1.10443,0.071135,0.000134952,0.000134952
16,368.06,1.30524,1.97518,1.19793,0.98832,0.02333,0.66667,0.63714,0.35042,0.02167,0.61905,0.59003,0.21632,1.46852,6.04837,3.3821,1.11522,0.0691435,0.000143491,0.000143491
17,386.82,1.28785,1.8345,1.32166,0.97791,0.02389,0.68254,0.62049,0.35542,0.02389,0.68254,0.61819,0.23338,1.4785,6.2966,3.39044,1.11498,0.0671519,0.000151932,0.000151932
18,405.516,1.22492,1.79948,1.11083,0.94485,0.02389,0.68254,0.62049,0.35542,0.02389,0.68254,0.61819,0.23338,1.4785,6.2966,3.39044,1.11498,0.0651603,0.000160274,0.000160274
19,425.765,1.30922,1.91317,1.12035,0.96694,0.02667,0.7619,0.69682,0.39744,0.02556,0.73016,0.68184,0.29233,1.4444,5.34003,3.35353,1.0976,0.0631685,0.000168517,0.000168517
20,448.243,1.28835,1.74867,1.06029,0.96409,0.02667,0.7619,0.69682,0.39744,0.02556,0.73016,0.68184,0.29233,1.4444,5.34003,3.35353,1.0976,0.0611767,0.00017666,0.00017666
21,467.058,1.36834,1.98464,1.12792,1.05957,0.02833,0.80952,0.72943,0.43739,0.02611,0.74603,0.66458,0.26856,1.42193,4.78139,3.28895,1.08424,0.0591847,0.000184705,0.000184705
22,484.672,1.21519,1.68226,0.98799,0.97463,0.02833,0.80952,0.72943,0.43739,0.02611,0.74603,0.66458,0.26856,1.42193,4.78139,3.28895,1.08424,0.0571927,0.000192651,0.000192651
23,503.743,1.30404,1.80088,0.98319,0.94674,0.02889,0.8254,0.76559,0.45571,0.02333,0.66667,0.4034,0.12922,1.48875,5.63739,3.21395,1.11148,0.0552005,0.000200498,0.000200498
24,526.147,1.39543,1.93415,1.0072,1.04755,0.02889,0.8254,0.76559,0.45571,0.02333,0.66667,0.4034,0.12922,1.48875,5.63739,3.21395,1.11148,0.0532082,0.000208245,0.000208245
25,545.341,1.35531,1.81892,0.98738,1.04059,0.03056,0.87302,0.78301,0.48549,0.025,0.71429,0.38287,0.13033,1.47474,6.30116,3.11338,1.11384,0.0512159,0.000215894,0.000215894
26,563.316,1.21959,1.80731,0.89768,0.96008,0.03056,0.87302,0.78301,0.48549,0.025,0.71429,0.38287,0.13033,1.47474,6.30116,3.11338,1.11384,0.0492234,0.000223444,0.000223444
27,581.319,1.24366,1.64934,0.88468,0.99742,0.03056,0.87302,0.78301,0.48549,0.025,0.71429,0.38287,0.13033,1.47474,6.30116,3.11338,1.11384,0.0472309,0.000230894,0.000230894
28,604.265,1.32869,1.81322,0.88755,0.98102,0.03111,0.88889,0.81679,0.51585,0.02667,0.7619,0.43386,0.16425,1.38839,6.05419,2.95459,1.08348,0.0452382,0.000238246,0.000238246
29,621.548,1.29056,1.78191,0.95855,1.02334,0.03111,0.88889,0.81679,0.51585,0.02667,0.7619,0.43386,0.16425,1.38839,6.05419,2.95459,1.08348,0.0432455,0.000245499,0.000245499
30,640.183,1.29518,1.98974,0.92235,1.04314,0.03222,0.92063,0.87704,0.53411,0.02944,0.84127,0.54405,0.20416,1.36928,5.44492,2.77464,1.08103,0.0412527,0.000252653,0.000252653
31,659.595,1.28165,1.7794,0.89484,1.00319,0.03222,0.92063,0.87704,0.53411,0.02944,0.84127,0.54405,0.20416,1.36928,5.44492,2.77464,1.08103,0.0392597,0.000259708,0.000259708
32,680.803,1.26091,1.83345,0.86323,1.01272,0.03222,0.92063,0.87704,0.53411,0.02944,0.84127,0.54405,0.20416,1.36928,5.44492,2.77464,1.08103,0.0372667,0.000266663,0.000266663
33,700.603,1.20242,1.67376,0.88348,0.98752,0.10142,0.90476,0.85734,0.51851,0.09431,0.84127,0.70177,0.26663,1.39808,4.6877,2.58968,1.09785,0.0352735,0.00027352,0.00027352
34,722.552,1.32386,1.8394,0.90553,1.00816,0.10142,0.90476,0.85734,0.51851,0.09431,0.84127,0.70177,0.26663,1.39808,4.6877,2.58968,1.09785,0.0332803,0.000280278,0.000280278
35,743.935,1.28331,1.78493,0.90408,1.04358,0.10142,0.90476,0.85734,0.51851,0.09431,0.84127,0.70177,0.26663,1.39808,4.6877,2.58968,1.09785,0.0312869,0.000286937,0.000286937
36,764.128,1.17603,1.63656,0.86086,0.96898,0.88805,0.8815,0.89039,0.54712,0.81911,0.80952,0.80386,0.36779,1.36512,3.89101,2.32084,1.08192,0.0292935,0.000293496,0.000293496
37,782.868,1.16426,1.62492,0.8845,0.94191,0.88805,0.8815,0.89039,0.54712,0.81911,0.80952,0.80386,0.36779,1.36512,3.89101,2.32084,1.08192,0.0273,0.000299957,0.000299957
38,802.556,1.19761,1.66202,0.87674,0.95712,0.88805,0.8815,0.89039,0.54712,0.81911,0.80952,0.80386,0.36779,1.36512,3.89101,2.32084,1.08192,0.0253063,0.000306319,0.000306319
39,824.732,1.16886,1.61327,0.79724,0.94476,0.96984,0.55556,0.90781,0.57277,0.97177,0.54648,0.85629,0.38998,1.33559,3.29113,2.06532,1.06912,0.0233126,0.000312582,0.000312582
40,848.237,1.24805,1.70146,0.83733,0.97762,0.96984,0.55556,0.90781,0.57277,0.97177,0.54648,0.85629,0.38998,1.33559,3.29113,2.06532,1.06912,0.0213187,0.000318745,0.000318745
41,867.488,1.0402,1.39477,0.81329,0.92852,0.96984,0.55556,0.90781,0.57277,0.97177,0.54648,0.85629,0.38998,1.33559,3.29113,2.06532,1.06912,0.0193248,0.00032481,0.00032481
42,888.088,1.2156,1.66045,0.86095,0.92539,0.92215,0.80952,0.91053,0.58297,0.88599,0.77778,0.85991,0.4146,1.29816,2.86844,1.78023,1.05615,0.0173308,0.000330776,0.000330776
43,912.253,1.17345,1.64456,0.81714,0.95484,0.92215,0.80952,0.91053,0.58297,0.88599,0.77778,0.85991,0.4146,1.29816,2.86844,1.78023,1.05615,0.0153366,0.000336643,0.000336643
44,931.263,1.14912,1.58074,0.84923,0.96583,0.92215,0.80952,0.91053,0.58297,0.88599,0.77778,0.85991,0.4146,1.29816,2.86844,1.78023,1.05615,0.0133424,0.00034241,0.00034241
45,949.921,1.19617,1.7705,0.83405,1.04612,0.92215,0.80952,0.91053,0.58297,0.88599,0.77778,0.85991,0.4146,1.29816,2.86844,1.78023,1.05615,0.0113481,0.000348079,0.000348079
46,970.34,1.1266,1.59213,0.80852,0.96216,0.91443,0.84815,0.92164,0.58958,0.88032,0.81736,0.88293,0.42661,1.32141,2.61752,1.53241,1.06371,0.00935365,0.000353649,0.000353649
47,991.698,1.14609,1.6213,0.79107,0.92064,0.91443,0.84815,0.92164,0.58958,0.88032,0.81736,0.88293,0.42661,1.32141,2.61752,1.53241,1.06371,0.00735912,0.00035912,0.00035912
48,1011.96,1.23386,1.67097,0.85102,0.96885,0.91443,0.84815,0.92164,0.58958,0.88032,0.81736,0.88293,0.42661,1.32141,2.61752,1.53241,1.06371,0.00536449,0.000364491,0.000364491
49,1033.51,1.18789,1.68318,0.80909,0.95864,0.91443,0.84815,0.92164,0.58958,0.88032,0.81736,0.88293,0.42661,1.32141,2.61752,1.53241,1.06371,0.00336976,0.000369764,0.000369764
50,1058.43,1.24406,1.84326,0.82654,0.92592,0.91686,0.88889,0.93524,0.59186,0.90049,0.87302,0.90424,0.44816,1.31524,2.35803,1.30452,1.06819,0.00137494,0.000374938,0.000374938
51,1078.7,1.15716,1.65478,0.77587,0.97773,0.91686,0.88889,0.93524,0.59186,0.90049,0.87302,0.90424,0.44816,1.31524,2.35803,1.30452,1.06819,0.00037625,0.00037625,0.00037625
52,1097.58,1.24319,1.7152,0.85925,1.05126,0.91686,0.88889,0.93524,0.59186,0.90049,0.87302,0.90424,0.44816,1.31524,2.35803,1.30452,1.06819,0.000373775,0.000373775,0.000373775
53,1119.48,1.21088,1.64528,0.7668,0.93632,0.91686,0.88889,0.93524,0.59186,0.90049,0.87302,0.90424,0.44816,1.31524,2.35803,1.30452,1.06819,0.0003713,0.0003713,0.0003713
54,1140.63,1.27677,1.71865,0.86917,1.02456,0.91853,0.89481,0.93484,0.59213,0.90223,0.87894,0.88974,0.46102,1.29276,2.26757,1.12268,1.06481,0.000368825,0.000368825,0.000368825
55,1165.43,1.1997,1.59022,0.79162,0.95064,0.91853,0.89481,0.93484,0.59213,0.90223,0.87894,0.88974,0.46102,1.29276,2.26757,1.12268,1.06481,0.00036635,0.00036635,0.00036635
56,1185.82,1.08948,1.52565,0.8505,0.92683,0.91853,0.89481,0.93484,0.59213,0.90223,0.87894,0.88974,0.46102,1.29276,2.26757,1.12268,1.06481,0.000363875,0.000363875,0.000363875
57,1206.48,1.17358,1.61465,0.76726,0.9077,0.91853,0.89481,0.93484,0.59213,0.90223,0.87894,0.88974,0.46102,1.29276,2.26757,1.12268,1.06481,0.0003614,0.0003614,0.0003614
58,1229.05,1.1312,1.50383,0.81278,0.93713,0.93422,0.90184,0.92893,0.59522,0.91783,0.88653,0.88855,0.45755,1.27523,2.2542,1.00146,1.06015,0.000358925,0.000358925,0.000358925
59,1251.46,1.15771,1.6647,0.74291,0.96006,0.93422,0.90184,0.92893,0.59522,0.91783,0.88653,0.88855,0.45755,1.27523,2.2542,1.00146,1.06015,0.00035645,0.00035645,0.00035645
60,1275.26,1.2275,1.63853,0.77934,0.94699,0.93422,0.90184,0.92893,0.59522,0.91783,0.88653,0.88855,0.45755,1.27523,2.2542,1.00146,1.06015,0.000353975,0.000353975,0.000353975
61,1294.21,1.08344,1.47482,0.76928,0.94898,0.93422,0.90184,0.92893,0.59522,0.91783,0.88653,0.88855,0.45755,1.27523,2.2542,1.00146,1.06015,0.0003515,0.0003515,0.0003515
62,1315.15,1.20713,1.6471,0.80757,0.92403,0.92036,0.91719,0.92754,0.59317,0.90448,0.90182,0.8886,0.46574,1.25512,2.19097,0.91002,1.04727,0.000349025,0.000349025,0.000349025
63,1335.83,1.20551,1.59876,0.76841,0.98247,0.92036,0.91719,0.92754,0.59317,0.90448,0.90182,0.8886,0.46574,1.25512,2.19097,0.91002,1.04727,0.00034655,0.00034655,0.00034655
64,1361.32,1.14962,1.58233,0.71662,0.90693,0.92036,0.91719,0.92754,0.59317,0.90448,0.90182,0.8886,0.46574,1.25512,2.19097,0.91002,1.04727,0.000344075,0.000344075,0.000344075
65,1381.78,1.24257,1.68441,0.77913,0.92915,0.92036,0.91719,0.92754,0.59317,0.90448,0.90182,0.8886,0.46574,1.25512,2.19097,0.91002,1.04727,0.0003416,0.0003416,0.0003416
66,1410.55,1.18594,1.6094,0.76481,0.96719,0.91603,0.90476,0.9285,0.59425,0.88302,0.87302,0.87685,0.46368,1.25231,2.14933,0.84992,1.03753,0.000339125,0.000339125,0.000339125
67,1432.73,1.15671,1.58631,0.79754,0.92058,0.91603,0.90476,0.9285,0.59425,0.88302,0.87302,0.87685,0.46368,1.25231,2.14933,0.84992,1.03753,0.00033665,0.00033665,0.00033665
68,1453.03,1.13201,1.49229,0.73399,0.95842,0.91603,0.90476,0.9285,0.59425,0.88302,0.87302,0.87685,0.46368,1.25231,2.14933,0.84992,1.03753,0.000334175,0.000334175,0.000334175
69,1473.15,1.19233,1.59155,0.78592,0.99297,0.91603,0.90476,0.9285,0.59425,0.88302,0.87302,0.87685,0.46368,1.25231,2.14933,0.84992,1.03753,0.0003317,0.0003317,0.0003317
70,1493.37,1.0939,1.36376,0.71231,0.90012,0.88908,0.89066,0.90987,0.58565,0.87332,0.87543,0.88936,0.45344,1.26654,2.19867,0.84105,1.04563,0.000329225,0.000329225,0.000329225
71,1514.7,1.2105,1.59684,0.76808,0.97335,0.88908,0.89066,0.90987,0.58565,0.87332,0.87543,0.88936,0.45344,1.26654,2.19867,0.84105,1.04563,0.00032675,0.00032675,0.00032675
72,1535.53,1.06238,1.45625,0.72076,0.91338,0.88908,0.89066,0.90987,0.58565,0.87332,0.87543,0.88936,0.45344,1.26654,2.19867,0.84105,1.04563,0.000324275,0.000324275,0.000324275
73,1558.26,1.22315,1.64189,0.76028,0.91906,0.88908,0.89066,0.90987,0.58565,0.87332,0.87543,0.88936,0.45344,1.26654,2.19867,0.84105,1.04563,0.0003218,0.0003218,0.0003218
74,1579.51,1.18219,1.52551,0.7467,0.92029,0.8891,0.89083,0.90642,0.57574,0.87843,0.87302,0.87594,0.45364,1.26042,2.22147,0.83015,1.04552,0.000319325,0.000319325,0.000319325
75,1604.71,1.17606,1.57411,0.75356,0.90829,0.8891,0.89083,0.90642,0.57574,0.87843,0.87302,0.87594,0.45364,1.26042,2.22147,0.83015,1.04552,0.00031685,0.00031685,0.00031685
76,1627.98,1.19149,1.55859,0.73357,0.92577,0.8891,0.89083,0.90642,0.57574,0.87843,0.87302,0.87594,0.45364,1.26042,2.22147,0.83015,1.04552,0.000314375,0.000314375,0.000314375
77,1649.24,1.13169,1.55252,0.74159,0.92212,0.8891,0.89083,0.90642,0.57574,0.87843,0.87302,0.87594,0.45364,1.26042,2.22147,0.83015,1.04552,0.0003119,0.0003119,0.0003119
78,1669.95,1.08482,1.47439,0.71829,0.92394,0.89437,0.88889,0.89607,0.60489,0.89437,0.88889,0.89742,0.47661,1.23898,2.1185,0.81744,1.03142,0.000309425,0.000309425,0.000309425
79,1689.57,1.08319,1.51613,0.72038,0.87914,0.89437,0.88889,0.89607,0.60489,0.89437,0.88889,0.89742,0.47661,1.23898,2.1185,0.81744,1.03142,0.00030695,0.00030695,0.00030695
80,1711.63,1.18997,1.59995,0.77222,0.92149,0.89437,0.88889,0.89607,0.60489,0.89437,0.88889,0.89742,0.47661,1.23898,2.1185,0.81744,1.03142,0.000304475,0.000304475,0.000304475
81,1732.3,1.12713,1.53623,0.71806,0.92918,0.89437,0.88889,0.89607,0.60489,0.89437,0.88889,0.89742,0.47661,1.23898,2.1185,0.81744,1.03142,0.000302,0.000302,0.000302
82,1753.51,1.16084,1.58751,0.74212,0.94407,0.90701,0.90476,0.9185,0.59847,0.90701,0.90476,0.90877,0.47744,1.24129,2.04313,0.81172,1.02539,0.000299525,0.000299525,0.000299525
83,1777.61,1.09561,1.57167,0.70526,0.93329,0.90701,0.90476,0.9185,0.59847,0.90701,0.90476,0.90877,0.47744,1.24129,2.04313,0.81172,1.02539,0.00029705,0.00029705,0.00029705
84,1798.12,1.14516,1.56999,0.73962,0.95861,0.90701,0.90476,0.9185,0.59847,0.90701,0.90476,0.90877,0.47744,1.24129,2.04313,0.81172,1.02539,0.000294575,0.000294575,0.000294575
85,1817.87,1.00739,1.48306,0.75891,0.91549,0.90701,0.90476,0.9185,0.59847,0.90701,0.90476,0.90877,0.47744,1.24129,2.04313,0.81172,1.02539,0.0002921,0.0002921,0.0002921
86,1838.13,1.06561,1.40086,0.71758,0.91349,0.91054,0.90476,0.91748,0.60676,0.8782,0.87302,0.87377,0.4745,1.23794,2.01725,0.79547,1.02069,0.000289625,0.000289625,0.000289625
87,1858.49,1.06703,1.43497,0.71699,0.93743,0.91054,0.90476,0.91748,0.60676,0.8782,0.87302,0.87377,0.4745,1.23794,2.01725,0.79547,1.02069,0.00028715,0.00028715,0.00028715
88,1878.69,1.12072,1.48358,0.73129,0.91069,0.91054,0.90476,0.91748,0.60676,0.8782,0.87302,0.87377,0.4745,1.23794,2.01725,0.79547,1.02069,0.000284675,0.000284675,0.000284675
89,1900.03,1.09017,1.47325,0.70168,0.9308,0.91054,0.90476,0.91748,0.60676,0.8782,0.87302,0.87377,0.4745,1.23794,2.01725,0.79547,1.02069,0.0002822,0.0002822,0.0002822
90,1920.49,1.04892,1.38934,0.71388,0.878,0.92056,0.91968,0.91665,0.60348,0.88881,0.88819,0.87237,0.48035,1.23556,2.00185,0.79061,1.01753,0.000279725,0.000279725,0.000279725
91,1944.59,1.08903,1.47366,0.69168,0.91046,0.92056,0.91968,0.91665,0.60348,0.88881,0.88819,0.87237,0.48035,1.23556,2.00185,0.79061,1.01753,0.00027725,0.00027725,0.00027725
92,1965.58,1.13945,1.5559,0.7067,0.94005,0.92056,0.91968,0.91665,0.60348,0.88881,0.88819,0.87237,0.48035,1.23556,2.00185,0.79061,1.01753,0.000274775,0.000274775,0.000274775
93,1986.37,1.08955,1.46316,0.73162,0.91897,0.92056,0.91968,0.91665,0.60348,0.88881,0.88819,0.87237,0.48035,1.23556,2.00185,0.79061,1.01753,0.0002723,0.0002723,0.0002723
94,2011.55,1.14334,1.55331,0.69453,0.90403,0.90596,0.91749,0.92579,0.60095,0.90596,0.91749,0.92283,0.49124,1.22512,1.9386,0.77185,1.00873,0.000269825,0.000269825,0.000269825
95,2031.56,1.00231,1.41376,0.71344,0.93146,0.90596,0.91749,0.92579,0.60095,0.90596,0.91749,0.92283,0.49124,1.22512,1.9386,0.77185,1.00873,0.00026735,0.00026735,0.00026735
96,2058.16,1.20811,1.60504,0.72527,0.90688,0.90596,0.91749,0.92579,0.60095,0.90596,0.91749,0.92283,0.49124,1.22512,1.9386,0.77185,1.00873,0.000264875,0.000264875,0.000264875
97,2082.44,1.15345,1.51973,0.71409,0.91073,0.90596,0.91749,0.92579,0.60095,0.90596,0.91749,0.92283,0.49124,1.22512,1.9386,0.77185,1.00873,0.0002624,0.0002624,0.0002624
98,2103.47,1.1116,1.46462,0.66173,0.9117,0.93426,0.90236,0.94112,0.60073,0.93426,0.90236,0.94268,0.48204,1.22132,1.89698,0.75489,1.00562,0.000259925,0.000259925,0.000259925
99,2124.36,1.16172,1.49874,0.69796,0.90063,0.93426,0.90236,0.94112,0.60073,0.93426,0.90236,0.94268,0.48204,1.22132,1.89698,0.75489,1.00562,0.00025745,0.00025745,0.00025745
100,2145.85,1.05144,1.46085,0.66279,0.89831,0.93426,0.90236,0.94112,0.60073,0.93426,0.90236,0.94268,0.48204,1.22132,1.89698,0.75489,1.00562,0.000254975,0.000254975,0.000254975
101,2166.03,0.98386,1.32816,0.65637,0.88843,0.93426,0.90236,0.94112,0.60073,0.93426,0.90236,0.94268,0.48204,1.22132,1.89698,0.75489,1.00562,0.0002525,0.0002525,0.0002525
102,2185.88,1.05144,1.42871,0.68184,0.9111,0.90589,0.91679,0.94347,0.60939,0.90589,0.91679,0.92582,0.47759,1.21793,1.9194,0.74048,1.00839,0.000250025,0.000250025,0.000250025
103,2205.68,1.10261,1.45586,0.71866,0.92906,0.90589,0.91679,0.94347,0.60939,0.90589,0.91679,0.92582,0.47759,1.21793,1.9194,0.74048,1.00839,0.00024755,0.00024755,0.00024755
104,2226.34,1.08244,1.42474,0.67722,0.89378,0.90589,0.91679,0.94347,0.60939,0.90589,0.91679,0.92582,0.47759,1.21793,1.9194,0.74048,1.00839,0.000245075,0.000245075,0.000245075
105,2250.32,1.12272,1.51728,0.732,0.92155,0.90589,0.91679,0.94347,0.60939,0.90589,0.91679,0.92582,0.47759,1.21793,1.9194,0.74048,1.00839,0.0002426,0.0002426,0.0002426
106,2270.04,1.07419,1.47026,0.66614,0.92622,0.93147,0.86304,0.91419,0.60684,0.93147,0.86304,0.9183,0.48131,1.2192,1.96045,0.7402,1.01482,0.000240125,0.000240125,0.000240125
107,2292.66,1.22259,1.64064,0.71837,0.94662,0.93147,0.86304,0.91419,0.60684,0.93147,0.86304,0.9183,0.48131,1.2192,1.96045,0.7402,1.01482,0.00023765,0.00023765,0.00023765
108,2314.69,1.07488,1.47839,0.65172,0.92808,0.93147,0.86304,0.91419,0.60684,0.93147,0.86304,0.9183,0.48131,1.2192,1.96045,0.7402,1.01482,0.000235175,0.000235175,0.000235175
109,2335.85,1.06937,1.40848,0.66627,0.92478,0.93147,0.86304,0.91419,0.60684,0.93147,0.86304,0.9183,0.48131,1.2192,1.96045,0.7402,1.01482,0.0002327,0.0002327,0.0002327
110,2360.99,1.07018,1.41961,0.64752,0.87726,0.93145,0.86279,0.92482,0.60529,0.93145,0.86279,0.92174,0.47609,1.21824,1.96416,0.7351,1.01926,0.000230225,0.000230225,0.000230225
111,2382.05,1.08113,1.47488,0.68216,0.88423,0.93145,0.86279,0.92482,0.60529,0.93145,0.86279,0.92174,0.47609,1.21824,1.96416,0.7351,1.01926,0.00022775,0.00022775,0.00022775
112,2404.73,1.13162,1.52526,0.69612,0.8849,0.93145,0.86279,0.92482,0.60529,0.93145,0.86279,0.92174,0.47609,1.21824,1.96416,0.7351,1.01926,0.000225275,0.000225275,0.000225275
113,2430.47,1.05797,1.44878,0.65117,0.8832,0.93145,0.86279,0.92482,0.60529,0.93145,0.86279,0.92174,0.47609,1.21824,1.96416,0.7351,1.01926,0.0002228,0.0002228,0.0002228
114,2449.96,0.98152,1.32391,0.67031,0.92829,0.89048,0.90342,0.92507,0.60006,0.89048,0.90342,0.92218,0.50469,1.21222,1.92413,0.7284,1.01442,0.000220325,0.000220325,0.000220325
115,2470.34,0.94414,1.23939,0.62334,0.9099,0.89048,0.90342,0.92507,0.60006,0.89048,0.90342,0.92218,0.50469,1.21222,1.92413,0.7284,1.01442,0.00021785,0.00021785,0.00021785
116,2490.4,1.01198,1.33138,0.64381,0.89373,0.89048,0.90342,0.92507,0.60006,0.89048,0.90342,0.92218,0.50469,1.21222,1.92413,0.7284,1.01442,0.000215375,0.000215375,0.000215375
117,2511.47,1.08718,1.47767,0.65488,0.8963,0.89048,0.90342,0.92507,0.60006,0.89048,0.90342,0.92218,0.50469,1.21222,1.92413,0.7284,1.01442,0.0002129,0.0002129,0.0002129
118,2533.22,1.09561,1.50132,0.68593,0.93456,0.94719,0.85406,0.92522,0.60467,0.94719,0.85406,0.92267,0.50368,1.20658,1.91074,0.72451,1.01408,0.000210425,0.000210425,0.000210425
119,2553.51,1.07045,1.44941,0.68344,0.91875,0.94719,0.85406,0.92522,0.60467,0.94719,0.85406,0.92267,0.50368,1.20658,1.91074,0.72451,1.01408,0.00020795,0.00020795,0.00020795
120,2575.26,1.12866,1.64232,0.69894,0.9708,0.94719,0.85406,0.92522,0.60467,0.94719,0.85406,0.92267,0.50368,1.20658,1.91074,0.72451,1.01408,0.000205475,0.000205475,0.000205475
121,2596.4,0.95889,1.29324,0.63844,0.88951,0.94719,0.85406,0.92522,0.60467,0.94719,0.85406,0.92267,0.50368,1.20658,1.91074,0.72451,1.01408,0.000203,0.000203,0.000203
122,2617.52,1.07027,1.45122,0.65631,0.95767,0.9474,0.85763,0.92525,0.60903,0.9474,0.85763,0.92271,0.50142,1.20619,1.91305,0.72185,1.01857,0.000200525,0.000200525,0.000200525
123,2639.19,1.08015,1.4315,0.63329,0.90132,0.9474,0.85763,0.92525,0.60903,0.9474,0.85763,0.92271,0.50142,1.20619,1.91305,0.72185,1.01857,0.00019805,0.00019805,0.00019805
124,2658.87,1.03953,1.47456,0.65581,0.93301,0.9474,0.85763,0.92525,0.60903,0.9474,0.85763,0.92271,0.50142,1.20619,1.91305,0.72185,1.01857,0.000195575,0.000195575,0.000195575
125,2679.39,1.12734,1.51564,0.68329,0.94505,0.9474,0.85763,0.92525,0.60903,0.9474,0.85763,0.92271,0.50142,1.20619,1.91305,0.72185,1.01857,0.0001931,0.0001931,0.0001931
126,2702.34,1.01895,1.33177,0.62496,0.88843,0.94809,0.86975,0.91043,0.60962,0.94809,0.86975,0.90933,0.49034,1.20827,1.9157,0.72152,1.02189,0.000190625,0.000190625,0.000190625
127,2722,0.98797,1.35142,0.68694,0.91626,0.94809,0.86975,0.91043,0.60962,0.94809,0.86975,0.90933,0.49034,1.20827,1.9157,0.72152,1.02189,0.00018815,0.00018815,0.00018815
128,2744.09,1.12133,1.48057,0.67015,0.94255,0.94809,0.86975,0.91043,0.60962,0.94809,0.86975,0.90933,0.49034,1.20827,1.9157,0.72152,1.02189,0.000185675,0.000185675,0.000185675
129,2764.24,0.94102,1.31886,0.63734,0.89352,0.94809,0.86975,0.91043,0.60962,0.94809,0.86975,0.90933,0.49034,1.20827,1.9157,0.72152,1.02189,0.0001832,0.0001832,0.0001832
130,2784.74,0.93337,1.31662,0.64531,0.89686,0.94822,0.87196,0.90432,0.60364,0.94822,0.87196,0.9101,0.49019,1.2106,1.90802,0.72719,1.02281,0.000180725,0.000180725,0.000180725
131,2804.76,1.06425,1.45685,0.64335,0.93288,0.94822,0.87196,0.90432,0.60364,0.94822,0.87196,0.9101,0.49019,1.2106,1.90802,0.72719,1.02281,0.00017825,0.00017825,0.00017825
132,2823.98,0.94883,1.33992,0.663,0.89577,0.94822,0.87196,0.90432,0.60364,0.94822,0.87196,0.9101,0.49019,1.2106,1.90802,0.72719,1.02281,0.000175775,0.000175775,0.000175775
133,2843.92,1.00459,1.46576,0.63974,0.90369,0.94822,0.87196,0.90432,0.60364,0.94822,0.87196,0.9101,0.49019,1.2106,1.90802,0.72719,1.02281,0.0001733,0.0001733,0.0001733
134,2863.61,0.96008,1.31388,0.62046,0.9019,0.94115,0.87302,0.90905,0.6045,0.94115,0.87302,0.90928,0.48791,1.20793,1.92356,0.72793,1.02205,0.000170825,0.000170825,0.000170825
135,2883.26,0.97371,1.3739,0.63233,0.90272,0.94115,0.87302,0.90905,0.6045,0.94115,0.87302,0.90928,0.48791,1.20793,1.92356,0.72793,1.02205,0.00016835,0.00016835,0.00016835
136,2905.38,1.06989,1.35482,0.66436,0.9368,0.94115,0.87302,0.90905,0.6045,0.94115,0.87302,0.90928,0.48791,1.20793,1.92356,0.72793,1.02205,0.000165875,0.000165875,0.000165875
137,2924.82,0.95006,1.30273,0.63745,0.88903,0.94115,0.87302,0.90905,0.6045,0.94115,0.87302,0.90928,0.48791,1.20793,1.92356,0.72793,1.02205,0.0001634,0.0001634,0.0001634
138,2946.61,0.99377,1.29862,0.6506,0.87266,0.9174,0.90476,0.90865,0.60089,0.94052,0.87302,0.8967,0.47562,1.20872,1.93056,0.7271,1.01967,0.000160925,0.000160925,0.000160925
139,2967.54,1.10098,1.45569,0.66078,0.91598,0.9174,0.90476,0.90865,0.60089,0.94052,0.87302,0.8967,0.47562,1.20872,1.93056,0.7271,1.01967,0.00015845,0.00015845,0.00015845
140,2986.83,1.05073,1.36193,0.67412,0.91,0.9174,0.90476,0.90865,0.60089,0.94052,0.87302,0.8967,0.47562,1.20872,1.93056,0.7271,1.01967,0.000155975,0.000155975,0.000155975
141,3007.73,1.09412,1.46159,0.69841,0.93173,0.9174,0.90476,0.90865,0.60089,0.94052,0.87302,0.8967,0.47562,1.20872,1.93056,0.7271,1.01967,0.0001535,0.0001535,0.0001535
142,3030.5,1.0675,1.39148,0.63559,0.89645,0.88857,0.90476,0.92103,0.5989,0.91239,0.87302,0.89517,0.47095,1.21621,1.94525,0.72399,1.02042,0.000151025,0.000151025,0.000151025
